<?xml version="1.0" encoding="UTF-8"?>
	<root>
	<mode name="ClassicModeWs" modeid="380" realversion="326.1" prev_version="324.1"/>
	<mode name="EasyPlayers" modeid="0" realversion="404.1" prev_version="402.1"/>
	<mode name="BattleModeFmg" modeid="360" realversion="344.1" prev_version="342.1"/>
	<mode name="GoToRoadUpMode" modeid="390" realversion="324.1" prev_version="322.1"/>
	<mode name="RankUpMode" modeid="220" realversion="328.1" prev_version="326.1"/>
	<mode name="CommonRes" modeid="0" realversion="298.1" prev_version="296.1"/>
	<mode name="CustomRoomMode" modeid="999" realversion="192.1" prev_version="190.1"/>
	<mode name="NoBreakMode" modeid="400" realversion="308.1" prev_version="306.1"/>
	<mode name="DeathHeroMode" modeid="230" realversion="328.1" prev_version="326.1"/>
	<mode name="DefenceHighMode" modeid="320" realversion="332.1" prev_version="330.1"/>
	<mode name="DisAreaMode" modeid="130" realversion="232.1" prev_version="230.1"/>
	<mode name="EvolutionMode" modeid="270" realversion="326.1" prev_version="324.1"/>
	<mode name="PowerHeroMode" modeid="420" realversion="258.1" prev_version="256.1"/>
	<mode name="FastMode" modeid="260" realversion="344.1" prev_version="342.1"/>
	<mode name="Imbaskill1_Mode" modeid="1006" realversion="192.1" prev_version="190.1"/>
	<mode name="MagicWinMode" modeid="340" realversion="414.1" prev_version="412.1"/>
	<mode name="Mapmode1_Win1_Mode" modeid="1000" realversion="192.1" prev_version="190.1"/>
	<mode name="Mapmode2_Win1_Mode" modeid="1001" realversion="192.1" prev_version="190.1"/>
	<mode name="Mapmode3_Win1_Mode" modeid="1002" realversion="192.1" prev_version="190.1"/>
	<mode name="Mapmode4_Win1_Mode" modeid="1003" realversion="192.1" prev_version="190.1"/>
	<mode name="Mapmode5_Win1_Mode" modeid="1004" realversion="192.1" prev_version="190.1"/>
	<mode name="Mapmode6_Win1_Mode" modeid="1005" realversion="192.1" prev_version="190.1"/>
	<mode name="MonsterRes" modeid="0" realversion="324.1" prev_version="322.1"/>
	<mode name="OverDriveHeroMode" modeid="440" realversion="198.1" prev_version="196.1"/>
	<mode name="PartyMode" modeid="410" realversion="262.1" prev_version="260.1"/>
	<mode name="ResLoseFix" modeid="0" realversion="286.1" prev_version="284.1"/>
	<mode name="RogionalMobaMode" modeid="430" realversion="162.1" prev_version="160.1"/>
	<mode name="WinstreakMode" modeid="280" realversion="336.1" prev_version="334.1"/>
	<mode name="OnPointMode" modeid="550" realversion="31.1" prev_version="29.1"/>
	<mode name="SurvivalHitMode" modeid="200" realversion="264.1" prev_version="262.1"/>
	<mode name="ThemeDarkMode" modeid="500" realversion="234.1" prev_version="232.1"/>
	</root> 

    <script name="MasMunOfficial" modification="2024" realversion="1.1.3" prev_version="231.1"/>
    